filename,width,height,class,xmin,ymin,xmax,ymax
IMG_20200122_130311.jpg,800,600,Warning,366,254,473,362
IMG_20200122_130317.jpg,800,600,Warning,406,291,461,344
IMG_20200122_130320.jpg,800,600,Warning,372,300,468,392
IMG_20200122_130322.jpg,800,600,Warning,463,234,565,333
IMG_20200122_130324_1.jpg,800,600,Warning,379,178,515,316
IMG_20200122_130327.jpg,800,600,Warning,399,223,484,307
IMG_20200122_130330.jpg,800,600,Warning,561,346,685,469
IMG_20200122_130332.jpg,800,600,Warning,481,333,536,390
IMG_20200122_130333.jpg,800,600,Warning,483,342,540,399
IMG_20200122_130335.jpg,800,600,Warning,484,348,540,401
IMG_20200122_130339.jpg,800,600,Warning,436,347,557,471
IMG_20200122_130349.jpg,800,600,Warning,389,340,509,458
IMG_20200122_130353.jpg,800,600,Warning,394,287,512,406
IMG_20200122_130356.jpg,800,600,Warning,505,280,626,397
IMG_20200122_130401.jpg,800,600,Warning,390,371,526,512
IMG_20200122_130403.jpg,800,600,Warning,430,220,545,330
IMG_20200122_130406.jpg,800,600,Warning,421,309,540,418
IMG_20200122_130408.jpg,800,600,Warning,415,284,494,362
IMG_20200122_130413.jpg,800,600,Warning,486,331,606,448
IMG_20200122_130416.jpg,800,600,Warning,442,313,504,374
IMG_20200122_130418.jpg,800,600,Warning,392,305,439,351
IMG_20200122_130421.jpg,800,600,Warning,381,350,432,401
IMG_20200122_130424.jpg,800,600,Warning,470,331,558,416
IMG_20200122_130427.jpg,800,600,Warning,344,308,390,352
IMG_20200122_130431.jpg,800,600,Warning,340,259,440,357
IMG_20200122_130433_1.jpg,800,600,Warning,364,201,457,295
IMG_20200122_130438.jpg,800,600,Warning,368,280,417,328
IMG_20200122_130441.jpg,800,600,Warning,438,285,559,408
IMG_20200122_130444.jpg,800,600,Warning,389,321,434,366
IMG_20200122_130446.jpg,800,600,Warning,378,283,451,354
IMG_20200122_130450.jpg,800,600,Warning,438,269,643,466
IMG_20200122_130454.jpg,800,600,Warning,500,386,575,457
IMG_20200122_130503.jpg,800,600,Warning,374,284,473,380
IMG_20200122_130514.jpg,800,600,Warning,380,174,480,271
IMG_20200122_130516.jpg,800,600,Warning,378,257,473,350
IMG_20200122_130521.jpg,800,600,Warning,363,293,463,396
IMG_20200122_130522.jpg,800,600,Warning,374,319,465,409
IMG_20200122_130524.jpg,800,600,Warning,378,331,458,411
IMG_20200122_130527.jpg,800,600,Warning,362,351,423,411
IMG_20200122_130528.jpg,800,600,Warning,362,323,424,383
IMG_20200122_130533.jpg,800,600,Warning,371,244,401,273
IMG_20200122_130540.jpg,800,600,Warning,378,279,417,318
IMG_20200122_130542.jpg,800,600,Warning,390,277,422,309
IMG_20200122_130546.jpg,800,600,Warning,434,294,470,331
IMG_20200122_130551.jpg,800,600,Warning,417,275,478,336
IMG_20200122_130553.jpg,800,600,Warning,376,285,442,350
IMG_20200122_130556.jpg,800,600,Warning,413,297,479,364
IMG_20200122_130558.jpg,800,600,Warning,449,273,506,331
IMG_20200122_130601.jpg,800,600,Warning,445,364,512,433
IMG_20200122_130604.jpg,800,600,Warning,409,316,491,398
IMG_20200122_130607.jpg,800,600,Warning,528,326,683,477
IMG_20200122_130610.jpg,800,600,Warning,388,345,455,414
IMG_20200122_131941.jpg,800,600,Warning,336,347,405,418
IMG_20200122_131944.jpg,800,600,Warning,307,315,409,416
IMG_20200122_131948.jpg,800,600,Warning,242,299,352,408
IMG_20200122_131952.jpg,800,600,Warning,229,280,330,379
IMG_20200122_131956.jpg,800,600,Warning,257,297,342,381
IMG_20200122_132000.jpg,800,600,Warning,292,315,369,391
IMG_20200122_132004.jpg,800,600,Warning,302,336,351,386
IMG_20200122_132008.jpg,800,600,Warning,280,318,331,369
IMG_20200122_132010.jpg,800,600,Warning,267,311,317,361
IMG_20200122_132016.jpg,800,600,Warning,450,242,623,408
IMG_20200122_132018.jpg,800,600,Warning,473,259,645,428
IMG_20200122_132022.jpg,800,600,Warning,430,280,587,431
IMG_20200122_132025.jpg,800,600,Warning,450,275,580,400
IMG_20200122_132028.jpg,800,600,Warning,470,295,584,408
IMG_20200122_132032.jpg,800,600,Warning,447,163,494,210
IMG_20200122_132037.jpg,800,600,Warning,462,128,536,203
IMG_20200122_132039.jpg,800,600,Warning,456,118,530,193
IMG_20200122_132042.jpg,800,600,Warning,467,188,555,275
IMG_20200122_132045.jpg,800,600,Warning,468,186,575,292
IMG_20200122_132049.jpg,800,600,Warning,473,226,550,302
IMG_20200122_132052.jpg,800,600,Warning,473,239,554,317
IMG_20200122_132055.jpg,800,600,Warning,471,252,571,348
IMG_20200122_132058.jpg,800,600,Warning,469,246,571,345
IMG_20200122_132102.jpg,800,600,Warning,499,216,602,317
IMG_20200122_132104.jpg,800,600,Warning,498,210,603,312
IMG_20200122_132107.jpg,800,600,Warning,461,204,506,248
IMG_20200122_132111.jpg,800,600,Warning,485,208,531,254
IMG_20200122_132115.jpg,800,600,Warning,500,254,545,296
IMG_20200122_132117.jpg,800,600,Warning,530,272,575,316
IMG_20200122_132124.jpg,800,600,Warning,487,207,645,359
IMG_20200122_132126.jpg,800,600,Warning,537,205,705,360
IMG_20200122_132129.jpg,800,600,Warning,473,190,632,340
IMG_20200122_132134.jpg,800,600,Warning,448,199,515,266
IMG_20200122_132137.jpg,800,600,Warning,453,227,524,299
IMG_20200122_132141.jpg,800,600,Warning,434,297,518,377
IMG_20200122_132144.jpg,800,600,Warning,405,280,532,406
IMG_20200122_132152.jpg,800,600,Warning,400,337,588,525
IMG_20200122_132157.jpg,800,600,Warning,507,342,635,465
IMG_20200122_132201.jpg,800,600,Warning,452,246,542,329
IMG_20200122_132206.jpg,800,600,Warning,463,340,489,364
IMG_20200122_132208.jpg,800,600,Warning,505,348,531,372
IMG_20200122_132215.jpg,800,600,Warning,444,299,478,332
IMG_20200122_132219.jpg,800,600,Warning,433,250,467,283
IMG_20200122_132223.jpg,800,600,Warning,427,228,459,259
IMG_20200122_132227.jpg,800,600,Warning,453,151,507,204
IMG_20200122_132234.jpg,800,600,Warning,406,231,486,311
IMG_20200122_132236.jpg,800,600,Warning,413,207,494,285
IMG_20200122_132241.jpg,800,600,Warning,424,316,528,421
IMG_20200122_132245.jpg,800,600,Warning,405,231,508,334
IMG_20200122_132249.jpg,800,600,Warning,454,307,560,409
IMG_20200122_132251.jpg,800,600,Warning,471,358,571,456
IMG_20200122_132845.jpg,800,600,Warning,474,259,499,283
IMG_20200122_132847_1.jpg,800,600,Warning,471,257,496,283
IMG_20200122_132850.jpg,800,600,Warning,479,242,502,266
IMG_20200122_132853.jpg,800,600,Warning,493,207,516,232
IMG_20200122_132855.jpg,800,600,Warning,512,221,537,245
IMG_20200122_132859.jpg,800,600,Warning,506,190,530,215
IMG_20200122_132902_1.jpg,800,600,Warning,526,165,553,192
IMG_20200122_132907.jpg,800,600,Warning,545,176,583,214
IMG_20200122_132911.jpg,800,600,Warning,573,157,612,196
IMG_20200122_132913.jpg,800,600,Warning,588,149,628,190
IMG_20200122_132916.jpg,800,600,Warning,496,132,535,173
IMG_20200122_132920.jpg,800,600,Warning,513,151,553,191
IMG_20200122_132924.jpg,800,600,Warning,487,180,528,222
IMG_20200122_132927.jpg,800,600,Warning,500,161,541,203
IMG_20200122_132930.jpg,800,600,Warning,515,161,557,203
IMG_20200122_132934.jpg,800,600,Warning,514,160,554,202
IMG_20200122_132956.jpg,800,600,Warning,514,210,557,253
IMG_20200122_132959.jpg,800,600,Warning,505,216,551,263
IMG_20200122_133009.jpg,800,600,Warning,326,303,466,443
IMG_20200122_133011.jpg,800,600,Warning,364,312,465,410
IMG_20200122_133014.jpg,800,600,Warning,296,121,452,277
IMG_20200122_133018.jpg,800,600,Warning,412,290,482,361
IMG_20200122_133022.jpg,800,600,Warning,477,201,515,238
IMG_20200122_133025.jpg,800,600,Warning,481,204,523,246
IMG_20200122_133027.jpg,800,600,Warning,486,202,523,239
IMG_20200122_133030.jpg,800,600,Warning,486,220,589,323
IMG_20200122_133033.jpg,800,600,Warning,494,227,576,306
IMG_20200122_133036.jpg,800,600,Warning,581,176,694,281
IMG_20200122_133039.jpg,800,600,Warning,584,248,659,318
IMG_20200122_133455.jpg,800,600,Warning,569,106,643,175
IMG_20200122_133458.jpg,800,600,Warning,588,380,650,441
IMG_20200122_133501.jpg,800,600,Warning,333,477,392,538
IMG_20200122_133504.jpg,800,600,Warning,110,446,180,514
IMG_20200122_133507.jpg,800,600,Warning,78,79,146,144
IMG_20200122_133509.jpg,800,600,Warning,285,81,346,144
IMG_20200122_133512.jpg,800,600,Warning,363,111,439,190
IMG_20200122_133515.jpg,800,600,Warning,368,152,443,231
IMG_20200122_133518.jpg,800,600,Warning,350,213,424,287
IMG_20200122_133522.jpg,800,600,Warning,168,212,247,287
IMG_20200122_133525.jpg,800,600,Warning,100,316,183,394
IMG_20200122_133529.jpg,800,600,Warning,433,386,516,468
IMG_20200122_133532.jpg,800,600,Warning,452,433,526,507
IMG_20200122_133535.jpg,800,600,Warning,435,285,488,338
IMG_20200122_133539.jpg,800,600,Warning,462,271,516,324
IMG_20200122_133541.jpg,800,600,Warning,330,267,388,324
IMG_20200122_133544.jpg,800,600,Warning,419,299,464,344
IMG_20200122_133548.jpg,800,600,Warning,468,317,513,361
IMG_20200122_133552.jpg,800,600,Warning,497,324,540,367
IMG_20200122_133555.jpg,800,600,Warning,495,333,539,377
IMG_20200122_133558.jpg,800,600,Warning,499,397,577,476
IMG_20200122_133601.jpg,800,600,Warning,509,327,566,385
IMG_20200122_133604.jpg,800,600,Warning,409,267,463,320
IMG_20200122_133607.jpg,800,600,Warning,398,305,448,355
IMG_20200122_133644.jpg,800,600,Warning,446,374,497,423
IMG_20200122_133646.jpg,800,600,Warning,447,352,536,441
IMG_20200122_133652.jpg,800,600,Warning,320,256,411,348
IMG_20200122_133655.jpg,800,600,Warning,299,269,389,359
IMG_20200122_133659.jpg,800,600,Warning,333,254,433,353
IMG_20200122_133704.jpg,800,600,Warning,353,174,434,256
IMG_20200122_133706.jpg,800,600,Warning,322,135,397,213
IMG_20200122_133711.jpg,800,600,Warning,415,339,457,380
IMG_20200122_133714.jpg,800,600,Warning,427,343,463,379
IMG_20200122_133717.jpg,800,600,Warning,583,312,668,394
IMG_20200122_133720.jpg,800,600,Warning,558,305,645,386
IMG_20200122_133722.jpg,800,600,Warning,605,282,706,375
IMG_20200122_133727.jpg,800,600,Warning,589,276,688,367
IMG_20200122_133732.jpg,800,600,Warning,385,270,492,377
IMG_20200122_133737.jpg,800,600,Warning,18,220,127,317
IMG_20200122_133741.jpg,800,600,Warning,36,91,144,191
IMG_20200122_133745.jpg,800,600,Warning,50,399,157,498
IMG_20200122_133749.jpg,800,600,Warning,557,43,678,163
IMG_20200122_133752.jpg,800,600,Warning,623,422,739,528
IMG_20200122_133756.jpg,800,600,Warning,371,447,480,561
IMG_20200122_133800.jpg,800,600,Warning,394,374,434,414
IMG_20200122_133805.jpg,800,600,Warning,459,389,488,416
IMG_20200122_133812.jpg,800,600,Warning,449,258,519,327
IMG_20200122_133814.jpg,800,600,Warning,362,279,421,337
IMG_20200122_133820.jpg,800,600,Warning,452,320,606,470
IMG_20200122_133821.jpg,800,600,Warning,457,323,611,471
IMG_20200122_133823.jpg,800,600,Warning,430,245,569,381
IMG_20200122_133827.jpg,800,600,Warning,462,292,578,405
IMG_20200122_133830.jpg,800,600,Warning,461,137,523,200
IMG_20200122_133832.jpg,800,600,Warning,461,137,523,201
IMG_20200122_133835.jpg,800,600,Warning,523,199,592,265
IMG_20200122_133839.jpg,800,600,Warning,441,258,505,321
IMG_20200122_133843.jpg,800,600,Warning,446,269,488,309
IMG_20200122_133845.jpg,800,600,Warning,427,459,468,503
IMG_20200122_133848.jpg,800,600,Warning,231,496,278,545
IMG_20200122_133851.jpg,800,600,Warning,610,269,657,313
IMG_20200122_133853.jpg,800,600,Warning,624,87,678,139
IMG_20200122_133857.jpg,800,600,Warning,387,259,423,294
IMG_20200122_133900.jpg,800,600,Warning,142,86,187,130
IMG_20200122_133904.jpg,800,600,Warning,464,132,515,183
IMG_20200122_133908.jpg,800,600,Warning,442,176,583,318
IMG_20200122_133911.jpg,800,600,Warning,589,200,741,342
IMG_20200122_133915.jpg,800,600,Warning,574,357,740,514
IMG_20200122_133919.jpg,800,600,Warning,144,329,330,511
IMG_20200122_133923.jpg,800,600,Warning,96,105,281,282
IMG_20200122_133926.jpg,800,600,Warning,416,336,488,410
IMG_20200122_133935.jpg,800,600,Warning,459,403,517,461
IMG_20200122_133939.jpg,800,600,Warning,462,421,533,493
IMG_20200122_133943.jpg,800,600,Warning,90,365,250,521
IMG_20200221_131414.jpg,800,600,Warning,373,303,464,394
IMG_20200221_131416.jpg,800,600,Warning,434,337,562,464
IMG_20200221_131419.jpg,800,600,Warning,368,316,496,449
IMG_20200221_131423.jpg,800,600,Warning,357,335,500,479
IMG_20200221_131427.jpg,800,600,Warning,342,345,508,515
IMG_20200221_131433.jpg,800,600,Warning,111,224,252,356
IMG_20200221_131436.jpg,800,600,Warning,52,74,203,216
IMG_20200221_131438.jpg,800,600,Warning,33,380,182,518
IMG_20200221_131443.jpg,800,600,Warning,532,12,666,145
IMG_20200221_131447.jpg,800,600,Warning,124,340,163,378
IMG_20200221_131450.jpg,800,600,Warning,68,118,111,160
IMG_20200221_131453.jpg,800,600,Warning,60,17,107,64
IMG_20200221_131456.jpg,800,600,Warning,36,429,131,520
IMG_20200221_131502.jpg,800,600,Warning,346,342,494,491
IMG_20200221_131510.jpg,800,600,Warning,311,301,356,346
IMG_20200221_131515.jpg,800,600,Warning,324,291,369,338
IMG_20200221_131521.jpg,800,600,Warning,52,344,113,399
IMG_20200221_131525.jpg,800,600,Warning,283,293,358,368
IMG_20200221_131530.jpg,800,600,Warning,341,190,544,388
IMG_20200221_131535.jpg,800,600,Warning,428,295,497,360
IMG_20200221_131632.jpg,800,600,Warning,361,278,423,338
IMG_20200221_131635.jpg,800,600,Warning,323,224,417,323
IMG_20200221_131638.jpg,800,600,Warning,330,288,416,376
IMG_20200221_131640.jpg,800,600,Warning,282,413,363,498
IMG_20200221_131648.jpg,800,600,Warning,472,204,600,331
IMG_20200221_131652.jpg,800,600,Warning,472,266,509,303
IMG_20200221_131655_1.jpg,800,600,Warning,563,379,593,407
IMG_20200221_131659.jpg,800,600,Warning,443,322,477,357
IMG_20200221_131701.jpg,800,600,Warning,429,288,464,324
IMG_20200221_131703.jpg,800,600,Warning,326,281,364,319
IMG_20200221_131705.jpg,800,600,Warning,60,285,108,328
IMG_20200221_131708.jpg,800,600,Warning,667,57,709,97
IMG_20200221_131710.jpg,800,600,Warning,690,406,728,443
IMG_20200221_131712.jpg,800,600,Warning,378,494,415,535
IMG_20200221_131714.jpg,800,600,Warning,419,290,454,323
IMG_20200221_131716.jpg,800,600,Warning,270,230,310,271
IMG_20200221_131718.jpg,800,600,Warning,401,283,441,323
IMG_20200221_131720.jpg,800,600,Warning,392,49,435,94
IMG_20200221_131726.jpg,800,600,Warning,390,180,491,282
IMG_20200221_131743.jpg,800,600,Warning,362,256,405,299
IMG_20200221_131756.jpg,800,600,Warning,597,223,666,289
IMG_20200221_131758.jpg,800,600,Warning,358,224,434,300
IMG_20200221_131801.jpg,800,600,Warning,100,317,188,399
IMG_20200221_131835.jpg,800,600,Warning,395,274,450,329
IMG_20200221_131839.jpg,800,600,Warning,428,253,502,327
IMG_20200221_131904.jpg,800,600,Warning,399,270,448,318
IMG_20200221_131914.jpg,800,600,Warning,375,216,460,303
IMG_20200221_131920.jpg,800,600,Warning,413,251,489,326
IMG_20200221_131929.jpg,800,600,Warning,379,256,494,370
IMG_20200221_131931.jpg,800,600,Warning,422,175,532,285
IMG_20200221_131937.jpg,800,600,Warning,371,235,460,323
IMG_20200225_150509.jpg,800,600,Warning,304,239,423,359
IMG_20200225_150512.jpg,800,600,Warning,322,249,453,381
IMG_20200225_150521.jpg,800,600,Warning,250,265,450,465
IMG_20200225_150525.jpg,800,600,Warning,383,270,540,424
IMG_20200225_150531.jpg,800,600,Warning,346,336,528,514
IMG_20200225_150537.jpg,800,600,Warning,98,348,297,541
IMG_20200225_150545.jpg,800,600,Warning,544,351,755,557
IMG_20200225_150554.jpg,800,600,Warning,414,185,519,288
IMG_20200225_150601.jpg,800,600,Warning,503,195,581,271
IMG_20200225_150603.jpg,800,600,Warning,515,194,598,275
IMG_20200225_150605.jpg,800,600,Warning,462,237,554,326
IMG_20200225_150608.jpg,800,600,Warning,31,79,127,169
IMG_20200225_150611.jpg,800,600,Warning,62,376,152,461
IMG_20200225_150617.jpg,800,600,Warning,476,198,580,301
IMG_20200225_150620_1.jpg,800,600,Warning,493,226,598,331
IMG_20200225_150624.jpg,800,600,Warning,481,303,597,417
IMG_20200225_150628.jpg,800,600,Warning,464,217,530,282
IMG_20200225_150634.jpg,800,600,Warning,468,182,695,401
IMG_20200225_150638.jpg,800,600,Warning,203,184,447,430
IMG_20200225_150642.jpg,800,600,Warning,327,213,584,471
IMG_20200225_150645.jpg,800,600,Warning,77,130,410,453
IMG_20200225_150647.jpg,800,600,Warning,471,45,755,323
IMG_20200225_150653.jpg,800,600,Warning,470,183,600,312
IMG_20200225_150656.jpg,800,600,Warning,317,213,443,337
IMG_20200225_150700.jpg,800,600,Warning,410,297,524,411
IMG_20200225_150703.jpg,800,600,Warning,364,222,460,318
IMG_20200225_150705.jpg,800,600,Warning,101,231,231,351
IMG_20200225_150710.jpg,800,600,Warning,578,105,693,215
IMG_20200225_150713.jpg,800,600,Warning,142,63,270,188
IMG_20200225_150753.jpg,800,600,Warning,492,225,621,350
IMG_20200225_150755.jpg,800,600,Warning,195,105,344,251
IMG_20200225_150758.jpg,800,600,Warning,332,55,473,201
IMG_20200225_150800.jpg,800,600,Warning,337,332,462,456
IMG_20200225_150810.jpg,800,600,Warning,434,220,568,352
IMG_20200225_150814.jpg,800,600,Warning,380,255,524,398
IMG_20200225_150816.jpg,800,600,Warning,65,281,220,429
IMG_20200225_150819.jpg,800,600,Warning,545,253,698,398
IMG_20200225_150824_1.jpg,800,600,Warning,461,135,555,229
IMG_20200225_150828.jpg,800,600,Warning,513,226,567,280
IMG_20200225_150832.jpg,800,600,Warning,471,225,500,255
IMG_20200225_150835.jpg,800,600,Warning,502,225,532,254
IMG_20200225_150839.jpg,800,600,Warning,518,233,557,272
IMG_20200225_150844.jpg,800,600,Warning,511,213,621,320
IMG_20200225_150848.jpg,800,600,Warning,427,395,575,546
IMG_20200225_150852.jpg,800,600,Warning,474,312,689,524
IMG_20200225_150856.jpg,800,600,Warning,321,309,577,569
IMG_20200225_150859.jpg,800,600,Warning,454,157,571,275
IMG_20200225_150903.jpg,800,600,Warning,364,139,601,378
IMG_20200225_150905.jpg,800,600,Warning,307,178,527,400
IMG_20200225_150908.jpg,800,600,Warning,240,240,375,377
IMG_20200225_150914.jpg,800,600,Warning,388,284,520,419
IMG_20200225_150917.jpg,800,600,Warning,430,231,553,353
IMG_20200225_150931.jpg,800,600,Warning,452,269,590,405
IMG_20200225_150934.jpg,800,600,Warning,441,166,551,277
IMG_20200225_150939.jpg,800,600,Warning,241,170,477,409
IMG_20200225_150942.jpg,800,600,Warning,252,343,481,576
IMG_20200225_151432.jpg,800,600,Warning,336,339,488,496
IMG_20200225_151433.jpg,800,600,Warning,301,156,449,302
IMG_20200225_151436.jpg,800,600,Warning,52,260,230,428
IMG_20200225_151447.jpg,800,600,Warning,376,273,506,402
IMG_20200225_151449.jpg,800,600,Warning,352,215,467,330
IMG_20200225_151452.jpg,800,600,Warning,442,266,559,383
IMG_20200225_151455.jpg,800,600,Warning,247,293,367,411
IMG_20200225_151458.jpg,800,600,Warning,353,277,473,398
IMG_20200225_151504.jpg,800,600,Warning,404,219,598,414
IMG_20200225_151510.jpg,800,600,Warning,471,262,563,352
IMG_20200225_151515.jpg,800,600,Warning,472,246,512,285
IMG_20200225_151518.jpg,800,600,Warning,459,291,497,328
IMG_20200225_151520_1.jpg,800,600,Warning,425,323,470,368
IMG_20200225_151526.jpg,800,600,Warning,500,336,546,385
IMG_20200225_151529.jpg,800,600,Warning,453,298,494,338
IMG_20200225_151534.jpg,800,600,Warning,113,336,167,389
IMG_20200225_151537.jpg,800,600,Warning,678,326,737,378
IMG_20200225_151539.jpg,800,600,Warning,666,485,726,543
IMG_20200225_151542.jpg,800,600,Warning,414,498,467,558
IMG_20200225_151550.jpg,800,600,Warning,544,115,599,170
IMG_20200225_151558.jpg,800,600,Warning,567,260,662,351
IMG_20200225_151600.jpg,800,600,Warning,522,197,638,309
IMG_20200225_151602.jpg,800,600,Warning,492,242,574,321
IMG_20200225_151616.jpg,800,600,Warning,141,68,283,209
IMG_20200225_151618.jpg,800,600,Warning,284,92,422,229
IMG_20200225_151625.jpg,800,600,Warning,61,108,202,242
IMG_20200225_151627.jpg,800,600,Warning,61,384,194,510
IMG_20200225_151720.jpg,800,600,Warning,392,314,511,431
IMG_20200225_151722.jpg,800,600,Warning,100,159,224,276
IMG_20200225_151804.jpg,800,600,Warning,422,209,504,288
IMG_20200225_151807.jpg,800,600,Warning,400,177,485,263
IMG_20200225_151809.jpg,800,600,Warning,402,370,473,439
IMG_20200225_151812.jpg,800,600,Warning,412,200,465,253
IMG_20200225_151823.jpg,800,600,Warning,400,262,508,369
IMG_20200225_151827.jpg,800,600,Warning,391,267,499,378
IMG_20200225_151831.jpg,800,600,Warning,386,277,494,385
IMG_20200225_151834.jpg,800,600,Warning,375,184,473,281
IMG_20200225_151848.jpg,800,600,Warning,368,253,469,355
IMG_20200225_151850.jpg,800,600,Warning,376,337,479,442
IMG_20200225_151854.jpg,800,600,Warning,617,365,723,465
IMG_20200225_151857.jpg,800,600,Warning,547,137,662,246
IMG_20200225_151901.jpg,800,600,Warning,255,175,399,319
IMG_20200225_151923.jpg,800,600,Warning,222,291,361,427
IMG_20200225_151926.jpg,800,600,Warning,225,126,361,265
IMG_20200225_151928.jpg,800,600,Warning,217,413,354,550
IMG_20200225_152358.jpg,800,600,Warning,257,290,347,377
IMG_20200225_152409.jpg,800,600,Warning,362,239,544,420
IMG_20200225_152416.jpg,800,600,Warning,382,256,528,399
IMG_20200225_152425.jpg,800,600,Warning,317,271,459,416
IMG_20200225_152430.jpg,800,600,Warning,481,270,564,351
IMG_20200225_152434.jpg,800,600,Warning,441,188,560,305
IMG_20200225_152448.jpg,800,600,Warning,360,271,546,455
IMG_20200225_152456.jpg,800,600,Warning,337,224,490,376
IMG_20200225_152459.jpg,800,600,Warning,322,229,492,400
IMG_20200225_152502.jpg,800,600,Warning,552,333,769,543
IMG_20200225_152513.jpg,800,600,Warning,394,257,514,376
IMG_20200225_152517.jpg,800,600,Warning,346,227,442,324
IMG_20200225_152521.jpg,800,600,Warning,372,257,518,402
IMG_20200225_152525.jpg,800,600,Warning,484,209,667,386
IMG_20200225_152531.jpg,800,600,Warning,468,189,547,267
IMG_20200225_152553.jpg,800,600,Warning,359,207,454,299
IMG_20200225_152604.jpg,800,600,Warning,577,147,755,312
IMG_20200225_152609.jpg,800,600,Warning,377,201,487,311
IMG_20200225_152623.jpg,800,600,Warning,345,248,436,338
IMG_20200225_152628.jpg,800,600,Warning,221,247,308,331
IMG_20200225_152634.jpg,800,600,Warning,43,195,148,292
IMG_20200225_152638.jpg,800,600,Warning,457,238,614,388
IMG_20200225_152641.jpg,800,600,Warning,307,299,438,433
IMG_20200225_152702.jpg,800,600,Warning,475,90,589,203
IMG_20200225_152707.jpg,800,600,Warning,323,409,432,515
IMG_20200225_152721.jpg,800,600,Warning,245,192,421,363
IMG_20200225_152726.jpg,800,600,Warning,312,197,546,429
IMG_20200225_152729.jpg,800,600,Warning,360,234,477,349
IMG_20200225_152732.jpg,800,600,Warning,419,122,625,326
IMG_20200225_152734.jpg,800,600,Warning,382,201,607,423
IMG_20200225_152742.jpg,800,600,Warning,56,223,243,395
IMG_20200225_152749.jpg,800,600,Warning,522,247,668,385
IMG_20200225_152752.jpg,800,600,Warning,545,93,697,241
IMG_20200225_152754.jpg,800,600,Warning,526,376,659,504
IMG_20200225_152759.jpg,800,600,Warning,457,333,497,373
IMG_20200225_152801.jpg,800,600,Warning,426,291,475,339
IMG_20200225_152804.jpg,800,600,Warning,433,305,480,351
IMG_20200225_152930.jpg,800,600,Warning,195,283,335,418
IMG_20200225_152934.jpg,800,600,Warning,326,145,497,315
IMG_20200225_152938.jpg,800,600,Warning,343,281,435,368
IMG_20200225_152945.jpg,800,600,Warning,83,176,228,310
IMG_20200225_152949.jpg,800,600,Warning,546,166,651,270
IMG_20200225_152955.jpg,800,600,Warning,269,80,454,266
IMG_20200225_152959.jpg,800,600,Warning,310,194,457,343
IMG_20200225_153002.jpg,800,600,Warning,61,33,236,205
IMG_20200225_153006.jpg,800,600,Warning,564,55,734,218
IMG_20200225_153008.jpg,800,600,Warning,590,411,738,551
IMG_20200225_153011.jpg,800,600,Warning,34,373,210,541
IMG_20200225_153020.jpg,800,600,Warning,452,124,571,242
IMG_20200225_153022.jpg,800,600,Warning,342,129,466,254
IMG_20200225_153025.jpg,800,600,Warning,348,287,480,419
IMG_20200225_153028.jpg,800,600,Warning,369,256,511,396
IMG_20200225_153031.jpg,800,600,Warning,252,244,441,427
IMG_20200225_153033.jpg,800,600,Warning,224,289,357,419
IMG_20200225_153037.jpg,800,600,Warning,440,211,492,262
IMG_20200225_153040.jpg,800,600,Warning,436,258,470,290
IMG_20200225_153043.jpg,800,600,Warning,423,195,495,266
IMG_20200225_153048.jpg,800,600,Warning,415,236,499,318
IMG_20200225_153052.jpg,800,600,Warning,47,26,194,162
IMG_20200225_153055.jpg,800,600,Warning,606,24,734,147
IMG_20200225_153100.jpg,800,600,Warning,314,469,433,591
IMG_20200225_153103.jpg,800,600,Warning,47,461,185,590
IMG_20200225_153106.jpg,800,600,Warning,337,46,469,181
IMG_20200225_153150.jpg,800,600,Warning,389,299,532,440
IMG_20200225_153154.jpg,800,600,Warning,390,224,477,310
IMG_20200225_153158.jpg,800,600,Warning,538,257,653,367
IMG_20200225_153203.jpg,800,600,Warning,424,196,508,283
IMG_20200225_153207.jpg,800,600,Warning,309,249,402,342
IMG_20200225_153212.jpg,800,600,Warning,344,282,429,368
IMG_20200225_153219.jpg,800,600,Warning,460,215,533,284
IMG_20200225_153227.jpg,800,600,Warning,482,178,560,255
IMG_20200225_153230.jpg,800,600,Warning,421,169,484,231
IMG_20200225_153234.jpg,800,600,Warning,387,240,451,305
IMG_20200225_153257.jpg,800,600,Warning,477,155,571,249
IMG_20200225_153300.jpg,800,600,Warning,269,217,347,294
IMG_20200225_153303.jpg,800,600,Warning,354,280,431,355
IMG_20200225_153306.jpg,800,600,Warning,482,152,551,223
IMG_20200225_153312.jpg,800,600,Warning,382,351,462,430
IMG_20200225_153314.jpg,800,600,Warning,316,319,427,428
IMG_20200225_153317.jpg,800,600,Warning,288,168,380,262
IMG_20200225_153342.jpg,800,600,Warning,436,241,538,342
IMG_20200225_153354.jpg,800,600,Warning,496,242,565,310
IMG_20200225_153357.jpg,800,600,Warning,294,240,363,309
IMG_20200225_153405.jpg,800,600,Warning,83,161,160,233
IMG_20200225_153453.jpg,800,600,Warning,380,216,461,298
IMG_20200225_153456.jpg,800,600,Warning,401,248,472,319
IMG_20200225_153513.jpg,800,600,Warning,393,237,457,299
IMG_20200225_153530.jpg,800,600,Warning,399,203,459,262
IMG_20200225_153533.jpg,800,600,Warning,441,195,508,262
IMG_20200225_153547.jpg,800,600,Warning,121,195,188,256
IMG_20200225_153700.jpg,800,600,Warning,458,317,576,433
IMG_20200225_153703.jpg,800,600,Warning,403,287,540,424
IMG_20200225_153707.jpg,800,600,Warning,387,361,514,487
IMG_20200225_153712.jpg,800,600,Warning,325,262,545,484
IMG_20200225_153716.jpg,800,600,Warning,365,282,533,452
IMG_20200225_153720.jpg,800,600,Warning,266,149,486,369
IMG_20200225_153728.jpg,800,600,Warning,344,213,411,280
IMG_20200225_153731.jpg,800,600,Warning,305,213,370,279
IMG_20200225_153734.jpg,800,600,Warning,232,198,306,270
IMG_20200225_153738.jpg,800,600,Warning,431,307,460,336
IMG_20200225_153740.jpg,800,600,Warning,373,327,407,362
IMG_20200225_153743.jpg,800,600,Warning,577,311,623,353
IMG_20200225_153754.jpg,800,600,Warning,279,373,310,403
IMG_20200225_153804.jpg,800,600,Warning,384,370,426,412
IMG_20200225_153807.jpg,800,600,Warning,429,115,473,162
IMG_20200225_153813.jpg,800,600,Warning,423,267,455,301
IMG_20200225_153817.jpg,800,600,Warning,126,248,165,287
IMG_20200225_153822.jpg,800,600,Warning,49,142,95,184
IMG_20200225_153827.jpg,800,600,Warning,390,318,463,392
IMG_20200225_153832.jpg,800,600,Warning,349,229,384,265
IMG_20200225_153837.jpg,800,600,Warning,281,252,320,291
IMG_20200225_153842.jpg,800,600,Warning,110,266,156,309
IMG_20200225_153849.jpg,800,600,Warning,658,303,700,340
IMG_20200225_154001.jpg,800,600,Warning,352,287,400,337
IMG_20200225_154005.jpg,800,600,Warning,78,134,134,187
IMG_20200225_154009.jpg,800,600,Warning,86,162,140,210
IMG_20200225_154012.jpg,800,600,Warning,11,430,70,484
IMG_20200225_154016.jpg,800,600,Warning,453,180,482,209
IMG_20200225_154020.jpg,800,600,Warning,387,268,405,286
IMG_20200225_154038.jpg,800,600,Warning,389,239,499,348
IMG_20200225_154041.jpg,800,600,Warning,39,246,171,365
IMG_20200225_154043.jpg,800,600,Warning,617,182,745,298
IMG_20200225_154045.jpg,800,600,Warning,621,45,751,168
IMG_20200225_154047.jpg,800,600,Warning,542,327,668,446
IMG_20200225_154053.jpg,800,600,Warning,26,36,207,212
IMG_20200225_154148.jpg,800,600,Warning,382,137,509,261
IMG_20200225_154151.jpg,800,600,Warning,420,126,548,256
IMG_20200225_154154.jpg,800,600,Warning,477,134,632,288
IMG_20200225_154158.jpg,800,600,Warning,276,222,420,364
IMG_20200225_154203.jpg,800,600,Warning,412,153,546,285
IMG_20200225_154205.jpg,800,600,Warning,69,58,227,213
IMG_20200225_154209.jpg,800,600,Warning,70,323,236,481
IMG_20200226_105803.jpg,800,600,Warning,354,270,470,386
IMG_20200226_105805.jpg,800,600,Warning,375,282,477,384
IMG_20200226_105808.jpg,800,600,Warning,114,325,340,546
IMG_20200226_105810.jpg,800,600,Warning,230,235,360,363
IMG_20200226_105812.jpg,800,600,Warning,324,268,367,312
IMG_20200226_105820.jpg,800,600,Warning,273,424,422,579
IMG_20200226_105823.jpg,800,600,Warning,47,419,206,573
IMG_20200226_105900.jpg,800,600,Warning,461,257,571,367
IMG_20200226_105903.jpg,800,600,Warning,247,335,336,424
IMG_20200226_105909.jpg,800,600,Warning,364,171,504,312
IMG_20200226_105911.jpg,800,600,Warning,61,77,227,235
IMG_20200226_105913.jpg,800,600,Warning,83,399,241,553
IMG_20200226_105915.jpg,800,600,Warning,516,411,656,547
IMG_20200226_105917.jpg,800,600,Warning,629,79,779,221
IMG_20200226_105919.jpg,800,600,Warning,341,49,484,198
IMG_20200226_105921.jpg,800,600,Warning,319,221,453,354
IMG_20200226_105922_1.jpg,800,600,Warning,169,170,308,305
IMG_20200226_105924.jpg,800,600,Warning,562,219,695,343
IMG_20200226_105926.jpg,800,600,Warning,542,413,660,528
IMG_20200226_105928.jpg,800,600,Warning,160,408,294,540
IMG_20200226_105935.jpg,800,600,Warning,356,160,517,318
IMG_20200226_105937.jpg,800,600,Warning,30,60,211,228
IMG_20200226_105939.jpg,800,600,Warning,609,27,772,182
IMG_20200226_105940.jpg,800,600,Warning,597,332,751,476
IMG_20200226_105943.jpg,800,600,Warning,57,313,257,505
IMG_20200226_105945.jpg,800,600,Warning,2,160,197,340
IMG_20200226_110042_1.jpg,800,600,Warning,379,165,539,325
IMG_20200226_110046.jpg,800,600,Warning,438,228,533,324
IMG_20200226_110048.jpg,800,600,Warning,450,288,550,388
IMG_20200226_110049.jpg,800,600,Warning,347,134,436,222
IMG_20200226_110052.jpg,800,600,Warning,257,228,429,398
IMG_20200226_110056.jpg,800,600,Warning,373,111,548,289
IMG_20200226_110059.jpg,800,600,Warning,449,243,606,398
IMG_20200226_110101.jpg,800,600,Warning,308,169,444,304
IMG_20200226_110103.jpg,800,600,Warning,347,187,442,282
IMG_20200226_110108.jpg,800,600,Warning,390,148,454,214
IMG_20200226_110110.jpg,800,600,Warning,450,185,503,238
IMG_20200226_110113.jpg,800,600,Warning,473,296,515,337
IMG_20200226_110118.jpg,800,600,Warning,480,231,529,279
IMG_20200226_110120.jpg,800,600,Warning,245,219,297,269
IMG_20200226_110122.jpg,800,600,Warning,118,109,180,166
IMG_20200226_110130.jpg,800,600,Warning,95,324,162,386
IMG_20200226_110145.jpg,800,600,Warning,537,219,630,308
IMG_20200226_110147.jpg,800,600,Warning,167,207,273,312
IMG_20200226_110154.jpg,800,600,Warning,557,132,645,219
IMG_20200226_110211.jpg,800,600,Warning,506,234,596,323
IMG_20200226_110215.jpg,800,600,Warning,319,305,419,402
IMG_20200226_110218.jpg,800,600,Warning,293,148,394,247
IMG_20200226_110230.jpg,800,600,Warning,54,207,173,314
IMG_20200226_110233.jpg,800,600,Warning,40,397,161,513
IMG_20200226_110237.jpg,800,600,Warning,66,93,185,205
IMG_20200226_110239.jpg,800,600,Warning,418,97,508,190
IMG_20200226_110241.jpg,800,600,Warning,542,380,631,465
IMG_20200226_110304.jpg,800,600,Warning,213,321,428,538
IMG_20200226_110306.jpg,800,600,Warning,55,363,261,569
IMG_20200226_110310.jpg,800,600,Warning,534,376,752,593
IMG_20200226_110313.jpg,800,600,Warning,348,230,412,294
IMG_20200226_110316.jpg,800,600,Warning,365,184,432,251
IMG_20200226_110317.jpg,800,600,Warning,48,71,137,154
IMG_20200226_110319.jpg,800,600,Warning,48,409,133,490
IMG_20200226_110322.jpg,800,600,Warning,618,464,688,531
IMG_20200226_110323.jpg,800,600,Warning,654,99,728,169
IMG_20200226_110326.jpg,800,600,Warning,413,436,485,511
IMG_20200226_110332.jpg,800,600,Warning,483,232,553,301
IMG_20200226_110334.jpg,800,600,Warning,468,71,539,145
IMG_20200226_110338.jpg,800,600,Warning,497,448,567,519
IMG_20200226_110418.jpg,800,600,Warning,287,140,477,331
IMG_20200226_110421.jpg,800,600,Warning,20,141,215,325
IMG_20200226_110424.jpg,800,600,Warning,39,40,223,221
IMG_20200226_110426.jpg,800,600,Warning,48,365,232,542
IMG_20200226_110429.jpg,800,600,Warning,556,376,733,543
IMG_20200226_110430.jpg,800,600,Warning,581,89,759,261
IMG_20200226_110433.jpg,800,600,Warning,346,229,415,296
IMG_20200226_110435.jpg,800,600,Warning,318,63,395,143
IMG_20200226_110437.jpg,800,600,Warning,46,91,137,175
IMG_20200226_110439.jpg,800,600,Warning,39,450,128,534
IMG_20200226_110442.jpg,800,600,Warning,606,51,693,138
IMG_20200226_110444.jpg,800,600,Warning,630,433,710,509
IMG_20200226_110445.jpg,800,600,Warning,334,316,409,391
IMG_20200226_110447.jpg,800,600,Warning,342,138,421,219
IMG_20200226_110454.jpg,800,600,Warning,330,126,451,249
IMG_20200226_110528.jpg,800,600,Warning,450,154,640,345
IMG_20200226_110531.jpg,800,600,Warning,45,155,253,356
IMG_20200226_110532.jpg,800,600,Warning,72,360,261,542
IMG_20200226_110535.jpg,800,600,Warning,525,371,690,535
IMG_20200226_110537.jpg,800,600,Warning,575,32,755,209
IMG_20200226_110539.jpg,800,600,Warning,53,91,242,272
IMG_20200226_110541_1.jpg,800,600,Warning,160,224,306,364
IMG_20200226_110544.jpg,800,600,Warning,200,242,277,316
IMG_20200226_110556.jpg,800,600,Warning,347,207,471,329
IMG_20200226_110558.jpg,800,600,Warning,147,182,249,277
IMG_20200226_110600.jpg,800,600,Warning,583,58,684,157
IMG_20200226_110602.jpg,800,600,Warning,618,382,715,474
IMG_20200226_110603.jpg,800,600,Warning,338,431,438,538
IMG_20200226_110606.jpg,800,600,Warning,59,428,168,534
IMG_20200226_110610.jpg,800,600,Warning,194,299,303,401
IMG_20200226_110613.jpg,800,600,Warning,415,309,515,411
IMG_20200226_110615.jpg,800,600,Warning,560,294,661,393
IMG_20200226_110623.jpg,800,600,Warning,607,96,709,196
IMG_20200226_110626.jpg,800,600,Warning,100,124,224,241
IMG_20200226_110628.jpg,800,600,Warning,326,140,417,232
IMG_20200226_110630.jpg,800,600,Warning,342,345,437,440
IMG_20200226_110635.jpg,800,600,Warning,390,207,483,301
IMG_20200226_110637.jpg,800,600,Warning,220,252,336,366
IMG_20200226_110639.jpg,800,600,Warning,633,223,750,332
IMG_20200226_110641.jpg,800,600,Warning,627,395,742,503
IMG_20200226_110642.jpg,800,600,Warning,141,372,272,500
IMG_20200226_110912.jpg,800,600,Warning,431,170,608,346
IMG_20200226_110913.jpg,800,600,Warning,577,266,752,432
IMG_20200226_110916.jpg,800,600,Warning,547,50,732,228
IMG_20200226_110917_1.jpg,800,600,Warning,147,86,329,270
IMG_20200226_110920.jpg,800,600,Warning,76,377,272,574
IMG_20200226_110922.jpg,800,600,Warning,349,183,428,263
IMG_20200226_110927.jpg,800,600,Warning,372,344,492,465
IMG_20200226_110929.jpg,800,600,Warning,340,163,460,286
IMG_20200226_110932.jpg,800,600,Warning,357,268,459,369
IMG_20200226_110935.jpg,800,600,Warning,349,180,453,281
IMG_20200226_110939.jpg,800,600,Warning,334,294,373,333
IMG_20200226_110944.jpg,800,600,Warning,362,169,408,214
IMG_20200226_110946.jpg,800,600,Warning,118,98,173,149
IMG_20200226_110948.jpg,800,600,Warning,77,341,138,397
IMG_20200226_110950.jpg,800,600,Warning,594,341,643,387
IMG_20200226_110952.jpg,800,600,Warning,621,104,673,154
IMG_20200226_110954.jpg,800,600,Warning,340,86,393,143
IMG_20200226_110958.jpg,800,600,Warning,223,228,314,315
IMG_20200226_111004.jpg,800,600,Warning,217,371,307,463
IMG_20200226_111006.jpg,800,600,Warning,199,333,300,432
IMG_20200226_111008.jpg,800,600,Warning,444,199,515,270
IMG_20200226_111010.jpg,800,600,Warning,222,309,295,379
IMG_20200226_111011.jpg,800,600,Warning,120,147,206,229
IMG_20200226_111013.jpg,800,600,Warning,301,429,371,503
IMG_20200226_111015.jpg,800,600,Warning,368,36,445,121
IMG_20200226_111016.jpg,800,600,Warning,587,403,660,476
IMG_20200226_111018.jpg,800,600,Warning,506,48,587,133
IMG_20200226_111020.jpg,800,600,Warning,143,244,225,323
IMG_20200226_111022_1.jpg,800,600,Warning,515,342,539,365
IMG_20200226_111029.jpg,800,600,Warning,350,276,424,349
IMG_20200226_111032.jpg,800,600,Warning,97,350,181,431
IMG_20200226_111034.jpg,800,600,Warning,514,382,593,461
IMG_20200226_111048.jpg,800,600,Warning,243,349,336,439
IMG_20200226_111050.jpg,800,600,Warning,87,372,193,471
IMG_20200226_111131.jpg,800,600,Warning,365,196,473,301
IMG_20200226_111136.jpg,800,600,Warning,108,105,241,233
IMG_20200226_111139.jpg,800,600,Warning,86,307,219,432
IMG_20200226_111149.jpg,800,600,Warning,193,281,323,409
IMG_20200226_111151.jpg,800,600,Warning,25,154,177,294
IMG_20200226_111156.jpg,800,600,Warning,476,126,602,250
IMG_20200226_111158.jpg,800,600,Warning,193,383,313,503
IMG_20200226_111200.jpg,800,600,Warning,269,296,365,391
IMG_20200226_111201.jpg,800,600,Warning,29,276,132,371
IMG_20200226_111203.jpg,800,600,Warning,540,311,618,385
IMG_20200226_111205.jpg,800,600,Warning,655,337,737,412
IMG_20200226_111206.jpg,800,600,Warning,640,456,724,537
IMG_20200226_111208.jpg,800,600,Warning,545,90,627,173
IMG_20200226_111209.jpg,800,600,Warning,185,34,284,132
IMG_20200226_111213.jpg,800,600,Warning,329,381,430,487
IMG_20200226_111215.jpg,800,600,Warning,114,447,230,566
IMG_20200226_111218.jpg,800,600,Warning,199,265,294,358
IMG_20200226_111220.jpg,800,600,Warning,552,311,637,392
IMG_20200226_111221.jpg,800,600,Warning,65,263,170,355
IMG_20200226_111223.jpg,800,600,Warning,37,32,145,134
IMG_20200226_111225.jpg,800,600,Warning,75,435,179,532
IMG_20200226_111226_1.jpg,800,600,Warning,572,460,656,543
IMG_20200226_111228.jpg,800,600,Warning,560,296,646,377
IMG_20200226_111230.jpg,800,600,Warning,83,174,205,286
IMG_20200226_111233.jpg,800,600,Warning,185,409,285,508
IMG_20200226_111235.jpg,800,600,Warning,286,195,380,287
IMG_20200226_111237.jpg,800,600,Warning,567,87,656,175
IMG_20200226_111240.jpg,800,600,Warning,149,416,249,510
IMG_20200226_111242.jpg,800,600,Warning,492,314,575,398
IMG_20200226_111244.jpg,800,600,Warning,22,291,130,390
IMG_20200226_111246.jpg,800,600,Warning,202,357,342,496
IMG_20200226_111249.jpg,800,600,Warning,258,335,436,514
IMG_20200226_111251.jpg,800,600,Warning,526,93,777,333
IMG_20200226_111255.jpg,800,600,Warning,352,428,492,575
IMG_20200226_111257.jpg,800,600,Warning,92,411,240,555
IMG_20200226_111300.jpg,800,600,Warning,364,225,583,439
IMG_20200226_111303.jpg,800,600,Warning,264,199,490,425
IMG_20200226_111307.jpg,800,600,Warning,272,259,392,378
IMG_20200226_111309.jpg,800,600,Warning,87,252,213,368
IMG_20200226_111328.jpg,800,600,Warning,479,325,615,459
IMG_20200226_111330.jpg,800,600,Warning,464,249,600,382
IMG_20200226_111333.jpg,800,600,Warning,49,388,152,481
IMG_20200226_111335.jpg,800,600,Warning,28,68,141,175
IMG_20200226_111343_1.jpg,800,600,Warning,520,380,642,502
IMG_20200226_111346.jpg,800,600,Warning,425,383,544,504
IMG_20200226_111349.jpg,800,600,Warning,281,404,398,524
IMG_20200226_111353.jpg,800,600,Warning,199,400,314,513
IMG_20200226_111359.jpg,800,600,Warning,377,279,460,364
IMG_20200226_111401.jpg,800,600,Warning,373,326,458,408
IMG_20200226_111402.jpg,800,600,Warning,373,346,457,426
IMG_20200226_111405.jpg,800,600,Warning,188,316,302,423
IMG_20200226_111420_1.jpg,800,600,Warning,401,163,477,239
IMG_20200226_111422.jpg,800,600,Warning,352,165,423,238
IMG_20200226_111424.jpg,800,600,Warning,327,203,397,274
IMG_20200226_111427.jpg,800,600,Warning,204,257,320,368
IMG_20200226_111435.jpg,800,600,Warning,105,414,228,534
IMG_20200226_111437.jpg,800,600,Warning,118,119,238,234
IMG_20200226_111439.jpg,800,600,Warning,412,179,508,273
IMG_20200226_111441.jpg,800,600,Warning,586,387,699,491
IMG_20200226_111446.jpg,800,600,Warning,564,65,669,168
IMG_20200226_111520.jpg,800,600,Warning,481,201,592,306
IMG_20200226_111525.jpg,800,600,Warning,132,182,250,295
IMG_20200226_111527.jpg,800,600,Warning,429,198,542,310
IMG_20200226_111529.jpg,800,600,Warning,580,71,705,192
IMG_20200226_111530.jpg,800,600,Warning,127,193,256,320
IMG_20200226_111532.jpg,800,600,Warning,90,357,219,481
IMG_20200226_111535.jpg,800,600,Warning,423,255,481,314
IMG_20200226_111536_1.jpg,800,600,Warning,548,135,618,206
IMG_20200226_111538.jpg,800,600,Warning,531,401,595,464
IMG_20200226_111542.jpg,800,600,Warning,380,143,476,241
IMG_20200226_111544.jpg,800,600,Warning,581,40,681,138
IMG_20200226_111546.jpg,800,600,Warning,100,72,214,184
IMG_20200226_111547.jpg,800,600,Warning,37,388,153,497
IMG_20200226_111549.jpg,800,600,Warning,304,432,404,537
IMG_20200226_111551.jpg,800,600,Warning,316,225,430,339
IMG_20200226_111552.jpg,800,600,Warning,444,164,541,260
IMG_20200226_111554.jpg,800,600,Warning,39,127,158,239
IMG_20200226_111601_1.jpg,800,600,Warning,397,246,544,392
IMG_20200226_111608.jpg,800,600,Warning,339,248,462,374
IMG_20200226_111612.jpg,800,600,Warning,289,243,395,347
IMG_20200226_111634.jpg,800,600,Warning,306,308,394,395
IMG_20200226_111636.jpg,800,600,Warning,113,328,214,424
IMG_20200226_111639.jpg,800,600,Warning,204,191,299,286
IMG_20200226_111640.jpg,800,600,Warning,152,93,260,198
